origen,destino,bytes,sha256,nota
Diagrama de Casos de Uso Incremento III/Diagrama de caso de uso CU-04.drawio,Entrega-academica/02-Casos-de-uso/Diagramas-Casos-de-Uso/Diagrama de caso de uso CU-04.drawio,8693,418fb889e712ebca4e5e8de8eae4523b9a91e797c8224c42529d11add41b8260,Copia identica al archivo recibido
Diagrama de Casos de Uso Incremento III/Diagrama de caso de uso CU-07.drawio,Entrega-academica/02-Casos-de-uso/Diagramas-Casos-de-Uso/Diagrama de caso de uso CU-07.drawio,12119,70622c616b2643d0bdd05074e0f0e9a953c0caa2ea5a3a4757bbc774423026b7,Copia identica al archivo recibido
Diagrama de Casos de Uso Incremento III/Diagrama de caso de uso CU-30.drawio,Entrega-academica/02-Casos-de-uso/Diagramas-Casos-de-Uso/Diagrama de caso de uso CU-30.drawio,8364,ea2701f7696022a7b1af1c532775c22d58a896f65d4ecec8d9cd4d0d118246b1,Copia identica al archivo recibido
Diagrama de Casos de Uso Incremento III/Diagrama de caso de uso CU-31.drawio,Entrega-academica/02-Casos-de-uso/Diagramas-Casos-de-Uso/Diagrama de caso de uso CU-31.drawio,10257,4aa3385f57d1a3ba2e420bfc51352484ae4384276e866f6e3afa60e495aebff1,Copia identica al archivo recibido
Diagrama de Casos de Uso Incremento III/Diagrama de caso de uso CU-37.drawio,Entrega-academica/02-Casos-de-uso/Diagramas-Casos-de-Uso/Diagrama de caso de uso CU-37.drawio,10375,8ee90b5548dacb8d2c9dbd8b90d9b883385ece2b09790991dea7a5bc317a1d2c,Copia identica al archivo recibido
Diagrama de Casos de Uso Incremento III/Diagrama de caso de uso CU-40.drawio,Entrega-academica/02-Casos-de-uso/Diagramas-Casos-de-Uso/Diagrama de caso de uso CU-40.drawio,8516,fb86ba6b55d21329dae00452961a0f17cb805251395975a19d3cc442781b85f0,Copia identica al archivo recibido
Diagrama de Casos de Uso Incremento III/Diagrama de caso de uso CU-41.drawio,Entrega-academica/02-Casos-de-uso/Diagramas-Casos-de-Uso/Diagrama de caso de uso CU-41.drawio,8655,5921c97ac7f80c241b1898a11d9a43786aa01f1a64e8df4b4e67cbdb9f5f147a,Copia identica al archivo recibido
Diagrama de Casos de Uso Incremento III/Diagrama de caso de uso CU-43.drawio,Entrega-academica/02-Casos-de-uso/Diagramas-Casos-de-Uso/Diagrama de caso de uso CU-43.drawio,8567,7ac581482ff89517680b4aef412b30f2d8fc49f485ae3a1c3acd323ed6cc82aa,Copia identica al archivo recibido
Diagrama de Casos de Uso Incremento III/Diagrama de caso de uso CU-46.drawio,Entrega-academica/02-Casos-de-uso/Diagramas-Casos-de-Uso/Diagrama de caso de uso CU-46.drawio,8555,94eae4e162b2f60c28bab187cff01ff100c7ea68dd87141b0f81bafc63cd0ea8,Copia identica al archivo recibido
Diagrama de Casos de Uso Incremento III/Diagrama de caso de uso CU-49.drawio,Entrega-academica/02-Casos-de-uso/Diagramas-Casos-de-Uso/Diagrama de caso de uso CU-49.drawio,8479,b164f07285e5e0600001457d4d9e49504cddb634c03277f77371df867c561441,Copia identica al archivo recibido
Diagrama de Casos de Uso Incremento III/Diagrama de caso de uso CU-50.drawio,Entrega-academica/02-Casos-de-uso/Diagramas-Casos-de-Uso/Diagrama de caso de uso CU-50.drawio,8737,0fa83eb1713287959539942719a3d64648367646ced3c3963cc03a73606224a6,Copia identica al archivo recibido
Diagrama de Casos de Uso Incremento III/Diagrama de caso de uso CU-54.drawio,Entrega-academica/02-Casos-de-uso/Diagramas-Casos-de-Uso/Diagrama de caso de uso CU-54.drawio,10342,b1e5751ceb7d078dffdc253e7fcee9093d5d05c9e0b7334d199e24d104f948cb,Copia identica al archivo recibido
Diagrama de Casos de Uso Incremento III/Diagrama de caso de uso CU-56.drawio,Entrega-academica/02-Casos-de-uso/Diagramas-Casos-de-Uso/Diagrama de caso de uso CU-56.drawio,8672,10f17166ea241588b4d46544f47bbd2670e1a5ba3e8b8463bdc8557f1aa106fa,Copia identica al archivo recibido
Diagrama de Casos de Uso Incremento III/Diagrama de caso de uso CU-59.drawio,Entrega-academica/02-Casos-de-uso/Diagramas-Casos-de-Uso/Diagrama de caso de uso CU-59.drawio,8771,3c6c28e760dbfc7fd9f655a6be18e0bc0a3c137e608740c115006d4dd2fb8520,Copia identica al archivo recibido
Diagrama de Casos de Uso Incremento III/Diagrama de caso de uso CU-62.drawio,Entrega-academica/02-Casos-de-uso/Diagramas-Casos-de-Uso/Diagrama de caso de uso CU-62.drawio,8648,cbb8ba487737f8d892d05fdf64b3923605dcf614ead0e3f2380688c056f2e092,Recuperado del respaldo CU-62 incluido en el ZIP
Diagrama de Casos de Uso Incremento III/Diagrama de caso de uso CU-63.drawio,Entrega-academica/02-Casos-de-uso/Diagramas-Casos-de-Uso/Diagrama de caso de uso CU-63.drawio,10439,c489a039751e8e80a6dff383eecd119dacc7af09ac3ae5bda6620edb51b00204,Copia identica al archivo recibido
Diagrama de Casos de Uso Incremento III/Diagrama de caso de uso CU-65.drawio,Entrega-academica/02-Casos-de-uso/Diagramas-Casos-de-Uso/Diagrama de caso de uso CU-65.drawio,8578,2b35923092fe592149f297c6c975742973013c0a497fb3a37176467c471c9b83,Copia identica al archivo recibido
Diagrama de Casos de Uso Incremento III/Diagrama general de casos de uso del Incremento III.drawio,Entrega-academica/02-Casos-de-uso/Diagramas-Casos-de-Uso/Diagrama general de casos de uso del Incremento III.drawio,32079,55364e9e24c29dd59e86d6abfb18a73f571f87484b856345b4b7bb2ecbd9b17d,Copia identica al archivo recibido
Diagramas BD/(sin colores)Modelo Fisico_3.drawio,Entrega-academica/03-Diagramas/Modelos-y-Arquitectura/(sin colores)Modelo Fisico_3.drawio,104078,effcd29937ef2b820966cae614d7f021f3681e3c505bf3904e261d001b32fca7,Copia identica al archivo recibido
Diagramas BD/ClasesUML.drawio,Entrega-academica/03-Diagramas/Modelos-y-Arquitectura/ClasesUML.drawio,155909,39c8e2e51989170a8af020dbaba45f39985429513c147cbb2538f4fa6f26869a,Copia identica al archivo recibido
Diagramas BD/Diagrama de Componentes.drawio,Entrega-academica/03-Diagramas/Modelos-y-Arquitectura/Diagrama de Componentes.drawio,26711,4410d88fc9d4aab6fe7fff3e39e1e0a5e079706f5a1cf363493cee4c1bfcde60,Copia identica al archivo recibido
Diagramas BD/Diagrama de Despliegue.drawio,Entrega-academica/03-Diagramas/Modelos-y-Arquitectura/Diagrama de Despliegue.drawio,24157,6d691838a3f6b99207f7b10965d6f3edb0520fb6647bd67dfaeada7e34e3a4e3,Copia identica al archivo recibido
Diagramas de secuencia Incremento III/CU04_Secuencia_de_diseño.drawio,Entrega-academica/03-Diagramas/Secuencia/CU04_Secuencia_de_diseño.drawio,65432,9d7328ca31b137f7c06cb343d281b4e821425347386fd69db5b5fa4b80a8440c,Copia identica al archivo recibido
Diagramas de secuencia Incremento III/CU07_Secuencia_de_diseño.drawio,Entrega-academica/03-Diagramas/Secuencia/CU07_Secuencia_de_diseño.drawio,57427,d042f68b6dcf3b88e3f3e138f948786ad830af6c37eb79d5c24d451c49dae831,Copia identica al archivo recibido
Diagramas de secuencia Incremento III/CU30_Secuencia_de_diseño.drawio,Entrega-academica/03-Diagramas/Secuencia/CU30_Secuencia_de_diseño.drawio,62114,3801cfdacc23d63c4ae5809a1484dc542fce11b7b392aee78f8f515c9c746129,Copia identica al archivo recibido
Diagramas de secuencia Incremento III/CU31_Secuencia_de_diseño.drawio,Entrega-academica/03-Diagramas/Secuencia/CU31_Secuencia_de_diseño.drawio,49244,2d0465389309a1117290aef8043ed1103563094dfd0f97ee36e5e582179d7953,Copia identica al archivo recibido
Diagramas de secuencia Incremento III/CU37_Secuencia_de_diseño1.drawio,Entrega-academica/03-Diagramas/Secuencia/CU37_Secuencia_de_diseño1.drawio,52837,8c7c360a03a6a0fb02ef6b4e9ea19ea2f4e7a5d262989ac172d5af925694e2d7,Copia identica al archivo recibido
Diagramas de secuencia Incremento III/CU40_Secuencia_de_diseño.drawio,Entrega-academica/03-Diagramas/Secuencia/CU40_Secuencia_de_diseño.drawio,59918,46c666bc253014c0ccc6af3413c461f5ef184ff5a4e2ae21c055f3229002294d,Copia identica al archivo recibido
Diagramas de secuencia Incremento III/CU41_Secuencia_de_diseño.drawio,Entrega-academica/03-Diagramas/Secuencia/CU41_Secuencia_de_diseño.drawio,58158,d5dd664533af73c4bced564d5b6a4378b68b9a5e1d6a753e17874e5ef7226fc5,Copia identica al archivo recibido
Diagramas de secuencia Incremento III/CU43_Secuencia_de_diseño.drawio,Entrega-academica/03-Diagramas/Secuencia/CU43_Secuencia_de_diseño.drawio,56076,f3d63fed303aecbec15d260354be65d6f48a6d5c0902da07948260fc70fd7bc1,Copia identica al archivo recibido
Diagramas de secuencia Incremento III/CU46_Secuencia_de_diseño.drawio,Entrega-academica/03-Diagramas/Secuencia/CU46_Secuencia_de_diseño.drawio,67821,a343f02a555089283c19038c3d0c3b031f233c013af82f36a51e3cb07691fce6,Copia identica al archivo recibido
Diagramas de secuencia Incremento III/CU49_Secuencia_de_diseño.drawio,Entrega-academica/03-Diagramas/Secuencia/CU49_Secuencia_de_diseño.drawio,69077,1a3a49b99fcecfc0f83574fef3c3fff54200992a3b7f22727caf711b494b0ccc,Copia identica al archivo recibido
Diagramas de secuencia Incremento III/CU50_Secuencia_de_diseño.drawio,Entrega-academica/03-Diagramas/Secuencia/CU50_Secuencia_de_diseño.drawio,60223,040596bff6c3d5f6c076dc0b36415508280ad971d20e8f82fece52977ff50ed7,Copia identica al archivo recibido
Diagramas de secuencia Incremento III/CU54_Secuencia_de_diseño.drawio,Entrega-academica/03-Diagramas/Secuencia/CU54_Secuencia_de_diseño.drawio,84632,45e350c144c1f31f5954d5c1e601b8503d37a86bee727d6122f1dee1c14817ab,Copia identica al archivo recibido
Diagramas de secuencia Incremento III/CU56_Secuencia_de_diseño.drawio,Entrega-academica/03-Diagramas/Secuencia/CU56_Secuencia_de_diseño.drawio,74309,bcfaae69b2f000337b188c3cce50dbe485c758c529c1546db70c0a04365ec6ea,Copia identica al archivo recibido
Diagramas de secuencia Incremento III/CU59_Secuencia_de_diseño.drawio,Entrega-academica/03-Diagramas/Secuencia/CU59_Secuencia_de_diseño.drawio,55499,0d63c844ea90eb96dadb92b353e86c31a460114c531c9ba13db413fd1de52738,Copia identica al archivo recibido
Diagramas de secuencia Incremento III/CU62_Secuencia_de_diseño.drawio,Entrega-academica/03-Diagramas/Secuencia/CU62_Secuencia_de_diseño.drawio,86574,353e606fb062c68ec228b8eacf6ec9bdc04fdd178260817ae627166d91938313,Copia identica al archivo recibido
Diagramas de secuencia Incremento III/CU63_Secuencia_de_diseño.drawio,Entrega-academica/03-Diagramas/Secuencia/CU63_Secuencia_de_diseño.drawio,67010,953534b8f84e514df17761d4debfa7c9603bf02df2682846f09cf9d8ceed1bcd,Copia identica al archivo recibido
Diagramas de secuencia Incremento III/CU65_Secuencia_de_diseño.drawio,Entrega-academica/03-Diagramas/Secuencia/CU65_Secuencia_de_diseño.drawio,52887,bd1703051e385f433134cbe3d525b5cb72923208d644370959a7c446c9e70183,Copia identica al archivo recibido
Graficos Excel - Incremento III/Avance acumulado del proyecto vs. meta figura 2.2.xlsx,Entrega-academica/04-Planificacion-y-Sprint/Avance acumulado del proyecto vs. meta figura 2.2.xlsx,7211,fcf41de8d0a037d205b8167fc8c26ba32c72fab8d04066afa8c2940ba8611637,Copia identica al archivo recibido
Graficos Excel - Incremento III/Burndown acumulado del proyecto (casos de uso) Final Figura 11.4.xlsx,Entrega-academica/04-Planificacion-y-Sprint/Burndown acumulado del proyecto (casos de uso) Final Figura 11.4.xlsx,16789,0c5713191c23ea8ba4fc3386df4cecdd6ee80075058a5b3ca299137381e7fa8f,Copia identica al archivo recibido
Graficos Excel - Incremento III/Burndown del Sprint 3 (Incremento III) figura 11.2.xlsx,Entrega-academica/04-Planificacion-y-Sprint/Burndown del Sprint 3 (Incremento III) figura 11.2.xlsx,8090,73f18545f1529c96d1d1ec2add17d9cebe1de2aa59cee6bffc0f87e7fcd19dec,Copia identica al archivo recibido
Graficos Excel - Incremento III/Distribución de Casos de Uso por Incremento Figura 2.1.xlsx,Entrega-academica/04-Planificacion-y-Sprint/Distribución de Casos de Uso por Incremento Figura 2.1.xlsx,6902,847a13216e24e4830c3d427be690556dc4160c29e9a7e71c7e177154947bd501,Copia identica al archivo recibido
Graficos Excel - Incremento III/Esfuerzo acumulado del proyecto (Incrementos I a III) Figura 11.3.xlsx,Entrega-academica/04-Planificacion-y-Sprint/Esfuerzo acumulado del proyecto (Incrementos I a III) Figura 11.3.xlsx,7472,da774d7a5ce5525463525364c70f90adb943949243eb25ac9d99b99cf90fc0f8,Copia identica al archivo recibido
Graficos Excel - Incremento III/Incremento III_ HH estimadas vs. HH efectivas Figura 11.1.xlsx,Entrega-academica/04-Planificacion-y-Sprint/Incremento III_ HH estimadas vs. HH efectivas Figura 11.1.xlsx,7152,41d1860dc36d0b91091a8088bce072a42aeaf7343a1cde58e13398e953cf7604,Copia identica al archivo recibido
Graficos Excel - Incremento III/Matriz de Responsables y Verificadores.xlsx,Entrega-academica/04-Planificacion-y-Sprint/Matriz de Responsables y Verificadores.xlsx,6109,781d37fcbe7ec68e54b2fb2190ffd195d75cbc7fce3fa9f5c4871fe16a56fb5e,Copia identica al archivo recibido
Incremento 2 (Corregido) - Grupo 11 - Ingeniería En Software II.docx,Entrega-academica/01-Informe-Incremento-III/Antecedentes-Incremento-II/Incremento 2 (Corregido) - Grupo 11 - Ingeniería En Software II.docx,9053337,539dbbe28dd2206e73bc979f7b6e0cc0bba947569c0e930a88f103b7a1b48a5a,Copia identica al archivo recibido
Incremento 3 - Grupo 11 - Ingenieria Software (1).docx,Entrega-academica/01-Informe-Incremento-III/Incremento 3 - Grupo 11 - Ingenieria Software.docx,9679021,f6abd684d986da7667ae6eeff22d9204143d2689299186efc441c5f929d25a6d,Copia identica al informe actualizado recibido el 5 de octubre de 2026
Presentacion Incremento 3 - Grupo 11 + Guía Instalación/Incremento3_CentroClinicoAconcagua.pptx,Entrega-academica/06-Presentacion/Incremento3_CentroClinicoAconcagua.pptx,849668,a4710741a0cd98f8f476bbfd02449f0c14999d3754ecf78b682607a74b962a8d,Copia identica al archivo recibido
Pruebas de Integracion e ISO - EIC25010/I-01-asignacion.png,Entrega-academica/05-Pruebas-y-Evidencias/Integracion-y-Calidad/I-01-asignacion.png,38597,a35606cdff5a7d067f46271315a9516c9e69b98cff42828ae7ca194ec35c2d23,Copia identica al archivo recibido
Pruebas de Integracion e ISO - EIC25010/I-01-correo-y-ticket.png,Entrega-academica/05-Pruebas-y-Evidencias/Integracion-y-Calidad/I-01-correo-y-ticket.png,11963,71df3ac8fa1c4f69e1a2e5c496f49dee5143cd45d4be5b9b79451ec2714bc90d,Copia identica al archivo recibido
Pruebas de Integracion e ISO - EIC25010/I-02-competencias.png,Entrega-academica/05-Pruebas-y-Evidencias/Integracion-y-Calidad/I-02-competencias.png,22515,3d32d6c6640d28e36979d52de2a74980c66671e61b979e6d644ae5762650e9fa,Copia identica al archivo recibido
Pruebas de Integracion e ISO - EIC25010/I-02-tope-sin-asignar.png,Entrega-academica/05-Pruebas-y-Evidencias/Integracion-y-Calidad/I-02-tope-sin-asignar.png,37993,82d2f26718543ab850f64f0e666f22502a03e4aff1dfd7d6da794ec1cc17b0ca,Copia identica al archivo recibido
Pruebas de Integracion e ISO - EIC25010/I-03-bitacora.png,Entrega-academica/05-Pruebas-y-Evidencias/Integracion-y-Calidad/I-03-bitacora.png,5907,863170689d34f3930c0c4d6be3a3ba4504316c8c016b3207c2a11d9d0c5a4cc3,Copia identica al archivo recibido
Pruebas de Integracion e ISO - EIC25010/I-03-cuenta-deshabilitada.png,Entrega-academica/05-Pruebas-y-Evidencias/Integracion-y-Calidad/I-03-cuenta-deshabilitada.png,8410,7badcf431a9b0b82fd3907fed43394056b6b089e809a1aca59d933cbf4d74a6c,Copia identica al archivo recibido
Pruebas de Integracion e ISO - EIC25010/I-03-reasignacion-jefatura.png,Entrega-academica/05-Pruebas-y-Evidencias/Integracion-y-Calidad/I-03-reasignacion-jefatura.png,37931,59bb2e4bfb88382566095d56fda4c398134d5760361c58fd7a3d6d1b33816353,Copia identica al archivo recibido
Pruebas de Integracion e ISO - EIC25010/I-04-archivo-historico.png,Entrega-academica/05-Pruebas-y-Evidencias/Integracion-y-Calidad/I-04-archivo-historico.png,34084,ce42321cafec588b726cdf02998912bf6afc758d8044dd7c7d367c7a1830ade3,Copia identica al archivo recibido
Pruebas de Integracion e ISO - EIC25010/I-05-encuesta-vigente.png,Entrega-academica/05-Pruebas-y-Evidencias/Integracion-y-Calidad/I-05-encuesta-vigente.png,14838,c1d17e2eb9ecaa02275b10a25c3d0b90f6b1cb4f4dfadb1cef27ee8c7e9b9b98,Copia identica al archivo recibido
Pruebas de Integracion e ISO - EIC25010/I-06-desempeno.png,Entrega-academica/05-Pruebas-y-Evidencias/Integracion-y-Calidad/I-06-desempeno.png,19420,f18b27a0acadbc150c64a0d4cc7d3ed8d8a09de5b33a60d5701936d874b846ea,Copia identica al archivo recibido
Pruebas de Integracion e ISO - EIC25010/Q-01-rendimiento.png,Entrega-academica/05-Pruebas-y-Evidencias/Integracion-y-Calidad/Q-01-rendimiento.png,37506,b0f20bd49e162816f8b6c305d08c320c9db9de6bd61b544b69edd42db72325ae,Copia identica al archivo recibido
Pruebas de Integracion e ISO - EIC25010/Q-02-concurrencia.png,Entrega-academica/05-Pruebas-y-Evidencias/Integracion-y-Calidad/Q-02-concurrencia.png,38638,bac739415d70ae8faaf208d9dde23f5b6e6405f3635db6bb95f0427467ec5408,Copia identica al archivo recibido
Pruebas de Integracion e ISO - EIC25010/Q-03-seguridad.png,Entrega-academica/05-Pruebas-y-Evidencias/Integracion-y-Calidad/Q-03-seguridad.png,39653,14a4b4fc04f5e60501c8fc6a083bcd9d613706c350cc7891bcfa83842ad820fc,Copia identica al archivo recibido
Pruebas de Integracion e ISO - EIC25010/Q-04-usabilidad.png,Entrega-academica/05-Pruebas-y-Evidencias/Integracion-y-Calidad/Q-04-usabilidad.png,43267,ad8c1e553834851eddd60d42ac77234bef4c40f9a238a04c912d7239f99e0111,Copia identica al archivo recibido
Pruebas de Integracion e ISO - EIC25010/Q-05-compatibilidad.png,Entrega-academica/05-Pruebas-y-Evidencias/Integracion-y-Calidad/Q-05-compatibilidad.png,41189,f4fe1bc5bacbe0825c2879b844af0f5c0a0d1c19e321c8404dc9a867ec38460f,Copia identica al archivo recibido
Pruebas de Integracion e ISO - EIC25010/Q-06-fiabilidad.png,Entrega-academica/05-Pruebas-y-Evidencias/Integracion-y-Calidad/Q-06-fiabilidad.png,42465,2bcf1901c1d491ffabcae26afffa06872cdc1ac239f362c2d994438723929c03,Copia identica al archivo recibido
Pruebas de Integracion e ISO - EIC25010/Q-07-mantenibilidad.png,Entrega-academica/05-Pruebas-y-Evidencias/Integracion-y-Calidad/Q-07-mantenibilidad.png,38979,b9c192d304b5fd3cd0a3f9cf2d0b431a0b0104fea91c7b02455d20cadc9006ce,Copia identica al archivo recibido
Pruebas de Integracion e ISO - EIC25010/Q-08-portabilidad.png,Entrega-academica/05-Pruebas-y-Evidencias/Integracion-y-Calidad/Q-08-portabilidad.png,40568,189084be772cb92a66b89b2d4cc14fb59b925d4bcc46f237392655f15d28ab55,Copia identica al archivo recibido
Pruebas unitarias y de integración - Incremento III (Con pruebas del Incremento I Y II)/P-01.png,Entrega-academica/05-Pruebas-y-Evidencias/Pruebas-Unitarias-e-Integracion/P-01.png,9614,e05013a21976c95d876c2ae1da31e457496ee6648727b3aaed8a747339b44d36,Copia identica al archivo recibido
Pruebas unitarias y de integración - Incremento III (Con pruebas del Incremento I Y II)/P-02.png,Entrega-academica/05-Pruebas-y-Evidencias/Pruebas-Unitarias-e-Integracion/P-02.png,9677,c918a656a6cb2958e90735edd562a027c46780c86e7d0d9156818f71051b5530,Copia identica al archivo recibido
Pruebas unitarias y de integración - Incremento III (Con pruebas del Incremento I Y II)/P-03.png,Entrega-academica/05-Pruebas-y-Evidencias/Pruebas-Unitarias-e-Integracion/P-03.png,32762,d448811f52ce78450e8fba9a0b16986d30781b101a71b46422eb66cc89b2e4f0,Copia identica al archivo recibido
Pruebas unitarias y de integración - Incremento III (Con pruebas del Incremento I Y II)/P-04.png,Entrega-academica/05-Pruebas-y-Evidencias/Pruebas-Unitarias-e-Integracion/P-04.png,6582,0d6e43f75b5f920b0d0f7879b164b533881602d45f82d5e50cef4d3fe8207922,Copia identica al archivo recibido
Pruebas unitarias y de integración - Incremento III (Con pruebas del Incremento I Y II)/P-05.png,Entrega-academica/05-Pruebas-y-Evidencias/Pruebas-Unitarias-e-Integracion/P-05.png,9245,4bd9c7da9f37c466ef3ab6f3576feaf9de925b2667113c223550cf3a2029c592,Copia identica al archivo recibido
Pruebas unitarias y de integración - Incremento III (Con pruebas del Incremento I Y II)/P-06.png,Entrega-academica/05-Pruebas-y-Evidencias/Pruebas-Unitarias-e-Integracion/P-06.png,9671,779e7b417329157a289e2a9567622068772d446ff7852abf56cf4e4633a456db,Copia identica al archivo recibido
Pruebas unitarias y de integración - Incremento III (Con pruebas del Incremento I Y II)/P-07.png,Entrega-academica/05-Pruebas-y-Evidencias/Pruebas-Unitarias-e-Integracion/P-07.png,13496,c4e5c9158028aff79c3bd5a7dffb17dcb984e1790d1a25692351c3b578829b17,Copia identica al archivo recibido
Pruebas unitarias y de integración - Incremento III (Con pruebas del Incremento I Y II)/P-08.png,Entrega-academica/05-Pruebas-y-Evidencias/Pruebas-Unitarias-e-Integracion/P-08.png,13846,58195e70d2c2dfd33cd1e45ec1d3229e9a830ef7abecadaff170a1d4398a292c,Copia identica al archivo recibido
Pruebas unitarias y de integración - Incremento III (Con pruebas del Incremento I Y II)/P-09.png,Entrega-academica/05-Pruebas-y-Evidencias/Pruebas-Unitarias-e-Integracion/P-09.png,28960,2f1faaf730e9c65d0ea52f611d417bd26189ffe5b90689d950963a57b52e2298,Copia identica al archivo recibido
Pruebas unitarias y de integración - Incremento III (Con pruebas del Incremento I Y II)/P-10.png,Entrega-academica/05-Pruebas-y-Evidencias/Pruebas-Unitarias-e-Integracion/P-10.png,28705,c553bc2f9b839df046e70aff49a3ce96d6b21e8ab8196a370d4aae77b180dfea,Copia identica al archivo recibido
Pruebas unitarias y de integración - Incremento III (Con pruebas del Incremento I Y II)/P-11.png,Entrega-academica/05-Pruebas-y-Evidencias/Pruebas-Unitarias-e-Integracion/P-11.png,13494,e2ccc7c882ef358a517407bac71996d7d784ea04e3db0608e17e8f94e92c24ef,Copia identica al archivo recibido
Pruebas unitarias y de integración - Incremento III (Con pruebas del Incremento I Y II)/P-12.png,Entrega-academica/05-Pruebas-y-Evidencias/Pruebas-Unitarias-e-Integracion/P-12.png,17371,af93cc51af8d19f82a18680bfbdd231738369348bd43f7236944ccf2329cbe51,Copia identica al archivo recibido
Pruebas unitarias y de integración - Incremento III (Con pruebas del Incremento I Y II)/P-13.png,Entrega-academica/05-Pruebas-y-Evidencias/Pruebas-Unitarias-e-Integracion/P-13.png,19751,a495a247b834fae9f09e556d90d50225ee62d8809f1d8f8204df3edb3f037767,Copia identica al archivo recibido
Pruebas unitarias y de integración - Incremento III (Con pruebas del Incremento I Y II)/P-14.png,Entrega-academica/05-Pruebas-y-Evidencias/Pruebas-Unitarias-e-Integracion/P-14.png,15435,0f2ee98c88e51c5df6b80e6732cf7e81a02102f795f27fc1918571c33bdaf98d,Copia identica al archivo recibido
Pruebas unitarias y de integración - Incremento III (Con pruebas del Incremento I Y II)/P-15.png,Entrega-academica/05-Pruebas-y-Evidencias/Pruebas-Unitarias-e-Integracion/P-15.png,16190,f1e2fba4d84c53cd607509c20b001ed1bd62de6696d30e4f3a299b0ede5c2523,Copia identica al archivo recibido
Pruebas unitarias y de integración - Incremento III (Con pruebas del Incremento I Y II)/P-16.png,Entrega-academica/05-Pruebas-y-Evidencias/Pruebas-Unitarias-e-Integracion/P-16.png,16131,89515b2f42b1e0cd66d28ac32e8fe54bda14905a9660bdda27ce5c7c7381a5c2,Copia identica al archivo recibido
Pruebas unitarias y de integración - Incremento III (Con pruebas del Incremento I Y II)/P-17.png,Entrega-academica/05-Pruebas-y-Evidencias/Pruebas-Unitarias-e-Integracion/P-17.png,31515,b5018f7717e7a06a23226feca4144de13606bfe5f1503a1658d25cf500ab5bc0,Copia identica al archivo recibido
Pruebas unitarias y de integración - Incremento III (Con pruebas del Incremento I Y II)/P-18.png,Entrega-academica/05-Pruebas-y-Evidencias/Pruebas-Unitarias-e-Integracion/P-18.png,10605,844aea20c3f025d04e0a6701dfb0dd0ffc19a898a41bb367792b42dffaef7057,Copia identica al archivo recibido
Pruebas unitarias y de integración - Incremento III (Con pruebas del Incremento I Y II)/P-19.png,Entrega-academica/05-Pruebas-y-Evidencias/Pruebas-Unitarias-e-Integracion/P-19.png,17977,9f6faa893b5da74befd3b9408835950a45f4dbd70a9d7b03e53bef74d26725e6,Copia identica al archivo recibido
Pruebas unitarias y de integración - Incremento III (Con pruebas del Incremento I Y II)/P-20.png,Entrega-academica/05-Pruebas-y-Evidencias/Pruebas-Unitarias-e-Integracion/P-20.png,121605,dbfe13d8a4ddb61419d83c4d32155cdb419cd9c26f9035dc646c850f026da94a,Copia identica al archivo recibido
Pruebas unitarias y de integración - Incremento III (Con pruebas del Incremento I Y II)/P-21.png,Entrega-academica/05-Pruebas-y-Evidencias/Pruebas-Unitarias-e-Integracion/P-21.png,8992,669c90b3ceaaadc9124a1e1ba811ce462c05973b22c6048694234a8ca72d68f6,Copia identica al archivo recibido
Pruebas unitarias y de integración - Incremento III (Con pruebas del Incremento I Y II)/P-22.png,Entrega-academica/05-Pruebas-y-Evidencias/Pruebas-Unitarias-e-Integracion/P-22.png,9665,c119c1fe368d07acbd0c4305719c0e93265eed5a8173e56b49743d8b4bd792f7,Copia identica al archivo recibido
Pruebas unitarias y de integración - Incremento III (Con pruebas del Incremento I Y II)/P-23.png,Entrega-academica/05-Pruebas-y-Evidencias/Pruebas-Unitarias-e-Integracion/P-23.png,9633,7eaff03d4d1c1215811589c27671370ccc9b0c5271f272df67eb0bbb0bee2e0c,Copia identica al archivo recibido
Pruebas unitarias y de integración - Incremento III (Con pruebas del Incremento I Y II)/P-24.png,Entrega-academica/05-Pruebas-y-Evidencias/Pruebas-Unitarias-e-Integracion/P-24.png,17960,4c0e5aa9d20eb985a6edacb7f6ac59c8485f3dd592e46ab57bc3391705795904,Copia identica al archivo recibido
Pruebas unitarias y de integración - Incremento III (Con pruebas del Incremento I Y II)/P-25.png,Entrega-academica/05-Pruebas-y-Evidencias/Pruebas-Unitarias-e-Integracion/P-25.png,40943,f31381e01230b0a3b65486e30e1b847d4719788e14c91497a0fd14a308525c9f,Copia identica al archivo recibido
Pruebas unitarias y de integración - Incremento III (Con pruebas del Incremento I Y II)/P-26.png,Entrega-academica/05-Pruebas-y-Evidencias/Pruebas-Unitarias-e-Integracion/P-26.png,7272,84fc5aff9f2ee04647f2a269259c8100a73e32e7f6860baa38f9a16e82a89c00,Copia identica al archivo recibido
Pruebas unitarias y de integración - Incremento III (Con pruebas del Incremento I Y II)/P-27.png,Entrega-academica/05-Pruebas-y-Evidencias/Pruebas-Unitarias-e-Integracion/P-27.png,6776,e00ffc0eedc849e6e00f2e182d25f56a2bcc5a1dd6c900997e290d1d208bcb2f,Copia identica al archivo recibido
Pruebas unitarias y de integración - Incremento III (Con pruebas del Incremento I Y II)/P-28.png,Entrega-academica/05-Pruebas-y-Evidencias/Pruebas-Unitarias-e-Integracion/P-28.png,8558,851bba031b2a79c7fef85cc977aecd93e92b5c1e7eabf67e44bbc7e44a33d5bd,Copia identica al archivo recibido
Pruebas unitarias y de integración - Incremento III (Con pruebas del Incremento I Y II)/P-29.png,Entrega-academica/05-Pruebas-y-Evidencias/Pruebas-Unitarias-e-Integracion/P-29.png,10012,ae609b86d1318c6cde5269e4ab360cbddf1e9d0bbf7d617dcaf1c15fcb68f0c4,Copia identica al archivo recibido
Pruebas unitarias y de integración - Incremento III (Con pruebas del Incremento I Y II)/P-30.png,Entrega-academica/05-Pruebas-y-Evidencias/Pruebas-Unitarias-e-Integracion/P-30.png,22959,13fd43b0c0daba670c1ab8fff66e0e1dcc7b236801f3b6b659b97c3d756c8ef9,Copia identica al archivo recibido
Pruebas unitarias y de integración - Incremento III (Con pruebas del Incremento I Y II)/P-31.png,Entrega-academica/05-Pruebas-y-Evidencias/Pruebas-Unitarias-e-Integracion/P-31.png,2088,fb7a506fb2f8fbc119a49798f10f65010dbd2644ada243e16cf533b94d14955e,Copia identica al archivo recibido
Pruebas unitarias y de integración - Incremento III (Con pruebas del Incremento I Y II)/P-32.png,Entrega-academica/05-Pruebas-y-Evidencias/Pruebas-Unitarias-e-Integracion/P-32.png,6938,43c2b381a993d1e3104d22afc1b4601c1423ac44c7cc31af61ef7fb49fb651aa,Copia identica al archivo recibido
Pruebas unitarias y de integración - Incremento III (Con pruebas del Incremento I Y II)/P-33.png,Entrega-academica/05-Pruebas-y-Evidencias/Pruebas-Unitarias-e-Integracion/P-33.png,7731,4651fcfea9d4ae6ab37d659275e9bff92807aacbbb2eb930a03509e0916c7500,Copia identica al archivo recibido
Pruebas unitarias y de integración - Incremento III (Con pruebas del Incremento I Y II)/P-34.png,Entrega-academica/05-Pruebas-y-Evidencias/Pruebas-Unitarias-e-Integracion/P-34.png,12632,ab25e083914192de0777d5344dd885bbc98750913abad03f2cd83f3dc448c323,Copia identica al archivo recibido
Pruebas unitarias y de integración - Incremento III (Con pruebas del Incremento I Y II)/P-35.png,Entrega-academica/05-Pruebas-y-Evidencias/Pruebas-Unitarias-e-Integracion/P-35.png,4492,7aeb70ef9121d8546dd549af7665b3069118ba222d495ea833b9059fc53743b3,Copia identica al archivo recibido
Pruebas unitarias y de integración - Incremento III (Con pruebas del Incremento I Y II)/P-36.png,Entrega-academica/05-Pruebas-y-Evidencias/Pruebas-Unitarias-e-Integracion/P-36.png,34427,69c7ecbce4359030a40cc9c371d2cb8556b21cf3016cf5d543c69832b82ff375,Copia identica al archivo recibido
Pruebas unitarias y de integración - Incremento III (Con pruebas del Incremento I Y II)/P-37.png,Entrega-academica/05-Pruebas-y-Evidencias/Pruebas-Unitarias-e-Integracion/P-37.png,33947,6f128ad3a159e3d5355d9c52b7a89db5ea7e487963547a5620d966939808d099,Copia identica al archivo recibido
Pruebas unitarias y de integración - Incremento III (Con pruebas del Incremento I Y II)/P-38.png,Entrega-academica/05-Pruebas-y-Evidencias/Pruebas-Unitarias-e-Integracion/P-38.png,8238,dbfeb96483dab5d19b2ac873b69d802c1e681d306d1a8617309e572d5ce3cdc3,Copia identica al archivo recibido
Pruebas unitarias y de integración - Incremento III (Con pruebas del Incremento I Y II)/P-39.png,Entrega-academica/05-Pruebas-y-Evidencias/Pruebas-Unitarias-e-Integracion/P-39.png,3470,68aaf970dd2986c4b998c9b353aed1a579ca0ecb0f048b0added538c19e9051a,Copia identica al archivo recibido
Pruebas unitarias y de integración - Incremento III (Con pruebas del Incremento I Y II)/P-40.png,Entrega-academica/05-Pruebas-y-Evidencias/Pruebas-Unitarias-e-Integracion/P-40.png,25809,d47f4a8003680a4372da7fe182a0ef7ca14b70825e059af74a1e5b6f8bd056a3,Copia identica al archivo recibido
Pruebas unitarias y de integración - Incremento III (Con pruebas del Incremento I Y II)/P-41.png,Entrega-academica/05-Pruebas-y-Evidencias/Pruebas-Unitarias-e-Integracion/P-41.png,6974,db9fb9fd5e3e0bb458dee9af3a8d112a3e776011c6e31da246ad5d8b7ba078d6,Copia identica al archivo recibido
Pruebas unitarias y de integración - Incremento III (Con pruebas del Incremento I Y II)/P-42.png,Entrega-academica/05-Pruebas-y-Evidencias/Pruebas-Unitarias-e-Integracion/P-42.png,37487,fe460beaf776953f80309f3c8fc63a0705adce48f277a8613875604359064a23,Copia identica al archivo recibido
Pruebas unitarias y de integración - Incremento III (Con pruebas del Incremento I Y II)/P-43.png,Entrega-academica/05-Pruebas-y-Evidencias/Pruebas-Unitarias-e-Integracion/P-43.png,3190,e22ea76cc31ce9c623bb0426ddbf9f51409e1c57fc536f60cd4cabbe5a317186,Copia identica al archivo recibido
Pruebas unitarias y de integración - Incremento III (Con pruebas del Incremento I Y II)/P-44.png,Entrega-academica/05-Pruebas-y-Evidencias/Pruebas-Unitarias-e-Integracion/P-44.png,24821,4f82a857d9b5e6926a75671243033463c0f4257b2cf4e071e4b98e82f1df0c0d,Copia identica al archivo recibido
Pruebas unitarias y de integración - Incremento III (Con pruebas del Incremento I Y II)/P-45.png,Entrega-academica/05-Pruebas-y-Evidencias/Pruebas-Unitarias-e-Integracion/P-45.png,3402,d11b6e33a001f6dfc60a4dd11b1b44c1ef2cb963de3ec25143d1497a849155eb,Copia identica al archivo recibido
Pruebas unitarias y de integración - Incremento III (Con pruebas del Incremento I Y II)/P-46.png,Entrega-academica/05-Pruebas-y-Evidencias/Pruebas-Unitarias-e-Integracion/P-46.png,23537,e5d42873f03d368447fd72a736a6ff02644ca3a698340ff0aa0206677aab57ce,Copia identica al archivo recibido
Pruebas unitarias y de integración - Incremento III (Con pruebas del Incremento I Y II)/P-47.png,Entrega-academica/05-Pruebas-y-Evidencias/Pruebas-Unitarias-e-Integracion/P-47.png,23761,82d8e865d4a3722f6629592652e0dc8c5b6205bafc0d9ff733b328c630fda652,Copia identica al archivo recibido
Pruebas unitarias y de integración - Incremento III (Con pruebas del Incremento I Y II)/P-48.png,Entrega-academica/05-Pruebas-y-Evidencias/Pruebas-Unitarias-e-Integracion/P-48.png,21825,26be72c85c95a7df83ddaa942e94a445a007441728df72d0f51a4bfaf5743671,Copia identica al archivo recibido
Pruebas unitarias y de integración - Incremento III (Con pruebas del Incremento I Y II)/P-49.png,Entrega-academica/05-Pruebas-y-Evidencias/Pruebas-Unitarias-e-Integracion/P-49.png,21854,ec2bcbbe119d386d5cd567ed642b2984a1d1b223ddf9453a5d95a6657091a796,Copia identica al archivo recibido
Pruebas unitarias y de integración - Incremento III (Con pruebas del Incremento I Y II)/P-50.png,Entrega-academica/05-Pruebas-y-Evidencias/Pruebas-Unitarias-e-Integracion/P-50.png,16527,bc72a69384ce5e5f514b94ac0787d7a519bb50dbd0f33c2728ea0f2c0cb5a2a6,Copia identica al archivo recibido
Pruebas unitarias y de integración - Incremento III (Con pruebas del Incremento I Y II)/P-51.png,Entrega-academica/05-Pruebas-y-Evidencias/Pruebas-Unitarias-e-Integracion/P-51.png,11902,38de758e9ae817f2f80a1442a73bb0a024be444e67e4716d3d35470cd60ca814,Copia identica al archivo recibido
Pruebas unitarias y de integración - Incremento III (Con pruebas del Incremento I Y II)/P-52.png,Entrega-academica/05-Pruebas-y-Evidencias/Pruebas-Unitarias-e-Integracion/P-52.png,15138,4c94a46349ba3879edbbe5aa54cf7d978cf6db368153ad577eabecfcb9ae11e9,Copia identica al archivo recibido
Pruebas unitarias y de integración - Incremento III (Con pruebas del Incremento I Y II)/P-53.png,Entrega-academica/05-Pruebas-y-Evidencias/Pruebas-Unitarias-e-Integracion/P-53.png,13411,c1460898fbd25bf23d441cb1f90e2ede856e1b37ddcf1a7dbef364e7e1bb4122,Copia identica al archivo recibido
Pruebas unitarias y de integración - Incremento III (Con pruebas del Incremento I Y II)/P-54.png,Entrega-academica/05-Pruebas-y-Evidencias/Pruebas-Unitarias-e-Integracion/P-54.png,7098,2a34d364efb19c355ce75a933edc154a42e6508af36af84e61a61010b2229982,Copia identica al archivo recibido
Pruebas unitarias y de integración - Incremento III (Con pruebas del Incremento I Y II)/P-55.png,Entrega-academica/05-Pruebas-y-Evidencias/Pruebas-Unitarias-e-Integracion/P-55.png,8329,3aa1f79403219147fc2a3abdb77f21fba0f419be7345ce9a7b52e432bf6f358e,Copia identica al archivo recibido
Pruebas unitarias y de integración - Incremento III (Con pruebas del Incremento I Y II)/P-56.png,Entrega-academica/05-Pruebas-y-Evidencias/Pruebas-Unitarias-e-Integracion/P-56.png,2212,a082e187674008c5c580fae3247b7cab568a937fb872f90841dc73c8d59556d9,Copia identica al archivo recibido
Pruebas unitarias y de integración - Incremento III (Con pruebas del Incremento I Y II)/P-57.png,Entrega-academica/05-Pruebas-y-Evidencias/Pruebas-Unitarias-e-Integracion/P-57.png,2567,43afc3ed34cfe3784d959d113fc392430991833f28751cc5f3f0dfdcb3006963,Copia identica al archivo recibido
Pruebas unitarias y de integración - Incremento III (Con pruebas del Incremento I Y II)/P-58.png,Entrega-academica/05-Pruebas-y-Evidencias/Pruebas-Unitarias-e-Integracion/P-58.png,40677,17f07683c649a102fd074ed2af5266c99a04b54bd61013f09acf8002ae7f23f2,Copia identica al archivo recibido
Pruebas unitarias y de integración - Incremento III (Con pruebas del Incremento I Y II)/P-59.png,Entrega-academica/05-Pruebas-y-Evidencias/Pruebas-Unitarias-e-Integracion/P-59.png,6972,08bfd73d8ab04ba550445955b47aaeed3ed04e30111b9ecd2c4c7fa2f37e95aa,Copia identica al archivo recibido
Pruebas unitarias y de integración - Incremento III (Con pruebas del Incremento I Y II)/P-60.png,Entrega-academica/05-Pruebas-y-Evidencias/Pruebas-Unitarias-e-Integracion/P-60.png,8343,8a2a426d8dfc0d0ec751d9ed5b91dc45c7dc45612f2225ff4871a2b029a25682,Copia identica al archivo recibido
Pruebas unitarias y de integración - Incremento III (Con pruebas del Incremento I Y II)/P-61.png,Entrega-academica/05-Pruebas-y-Evidencias/Pruebas-Unitarias-e-Integracion/P-61.png,7065,9711f3570d5a878273b822899f7f237ef6a1ebb5c365c06b062ca209dac6632e,Copia identica al archivo recibido
Pruebas unitarias y de integración - Incremento III (Con pruebas del Incremento I Y II)/P-62.png,Entrega-academica/05-Pruebas-y-Evidencias/Pruebas-Unitarias-e-Integracion/P-62.png,30528,d871c9a971cce48c13f8464808041941b04a15fe27f878d83b84c41ad32f49e8,Copia identica al archivo recibido
Pruebas unitarias y de integración - Incremento III (Con pruebas del Incremento I Y II)/P-63.png,Entrega-academica/05-Pruebas-y-Evidencias/Pruebas-Unitarias-e-Integracion/P-63.png,2353,228ab81c1f38d950c27628192162f4d3159eb4507fc5273c4b9941e86cc14c8e,Copia identica al archivo recibido
Pruebas unitarias y de integración - Incremento III (Con pruebas del Incremento I Y II)/P-64.png,Entrega-academica/05-Pruebas-y-Evidencias/Pruebas-Unitarias-e-Integracion/P-64.png,24218,73b3103081275ef1e0d61780b252c4ef4b0a1900d58e6dc86ce07253eff7809a,Copia identica al archivo recibido
Incremento 3 - Grupo 11 - Ingenieria Software.docx::word/media/image125.png,Entrega-academica/05-Pruebas-y-Evidencias/Pruebas-Unitarias-e-Integracion/P-65.png,29946,d6c8f0e97e34df273be5a4815e9435b6c7bc8bca7dd170245cc789669b54df91,"Imagen original extraida de la figura P-65 del informe recibido, sin modificaciones"
Incremento 3 - Grupo 11 - Ingenieria Software.docx::word/media/image75.png,Entrega-academica/05-Pruebas-y-Evidencias/Pruebas-Unitarias-e-Integracion/P-66.png,37364,fde78ca9ec471437e07a9bfe43ba95757e00a0aafecb4e9865bf90065c0e7074,"Imagen original extraida de la figura P-66 del informe recibido, sin modificaciones"
Incremento 3 - Grupo 11 - Ingenieria Software.docx::word/media/image80.png,Entrega-academica/05-Pruebas-y-Evidencias/Pruebas-Unitarias-e-Integracion/P-67.png,50601,a038ec5e39cb23615dbf65c5ff1d694be7e3aa8b1990b143eb544ca298136fd9,"Imagen original extraida de la figura P-67 del informe recibido, sin modificaciones"
Incremento 3 - Grupo 11 - Ingenieria Software.docx::word/media/image78.png,Entrega-academica/05-Pruebas-y-Evidencias/Pruebas-Unitarias-e-Integracion/P-68.png,31465,5783ae5873f70932b61df63d3b39cedcf945c662ba33dbeefdbc6a6706736338,"Imagen original extraida de la figura P-68 del informe recibido, sin modificaciones"
Incremento 3 - Grupo 11 - Ingenieria Software.docx::word/media/image71.png,Entrega-academica/05-Pruebas-y-Evidencias/Pruebas-Unitarias-e-Integracion/P-69.png,33465,bb57d6684146044cc77f7404719703bbfacdf27b501143ba3615934d096e1fd2,"Imagen original extraida de la figura P-69 del informe recibido, sin modificaciones"
